"","X..dex","pokemon","pokeapi.name","complexity","realism","artificiality","fantasy","humanoid","cuteness","coolness","beauty","popularity","rating.count"
"1",1,"Bulbasaur","bulbasaur",2.1538,2.0577,1.3269,3.5769,1.1346,4.4615,3.75,3.4423,4.3462,52
"2",2,"Ivysaur","ivysaur",2.9615,2.8077,1.4808,3.6154,1.1731,3.5,4,3.3077,4.1923,52
"3",3,"Gigantamax Venusaur","venusaur-gmax",4.2885,2.1346,1.6154,4.4423,1.1731,1.8654,3.9423,2.0769,3.7115,52
"4",3,"Mega Venusaur","venusaur-mega",4.451,2.7647,1.549,4.3529,1.098,2.3922,4.2353,3.1373,4.098,51
"5",3,"standard Venusaur","venusaur",3.6923,3.6346,1.4808,3.7885,1.1346,2.3846,4.1346,2.3077,4.3077,52
"6",4,"Charmander","charmander",1.6667,2.2941,1.3725,3.5294,2.3725,4.2549,3.6471,3.4314,3.8431,51
"7",5,"Charmeleon","charmeleon",1.9412,2.8431,1.6667,3.549,2.7255,2.4902,3.9608,2.8627,3.6471,51
"8",6,"Gigantamax Charizard","charizard-gmax",4.2549,2.6667,1.9608,4.6471,1.9412,1.4902,4.0392,2.7843,3.0588,51
"9",6,"Mega Charizard X","charizard-mega-x",3.8846,2.7115,1.9615,4.6923,2.4615,2.0192,4.3846,3.2692,3.8846,52
"10",6,"Mega Charizard Y","charizard-mega-y",3.6538,2.8077,1.6923,4.4615,2.1538,2.1538,4.3654,3.4808,3.7308,52
"11",6,"standard Charizard","charizard",2.6346,2.7115,1.5577,4.2885,2.2308,2.2308,4.1731,3.2308,3.9423,52
"12",7,"Squirtle","squirtle",1.7885,2.7115,1.3077,2.2115,2.1731,4.5192,3.75,3.5962,4.1154,52
"13",8,"Wartortle","wartortle",2.4615,2.3846,1.6731,3.0577,2.5769,3.4615,3.8654,3.3077,3.9615,52
"14",9,"Gigantamax Blastoise","blastoise-gmax",4.5192,2.5192,3.6923,4.1923,2.4038,1.8077,4.1538,2.8462,3.5769,52
"15",9,"Mega Blastoise","blastoise-mega",3.8431,2.1373,3.3333,4.0196,2.4118,2.0196,4.1176,2.8235,3.549,51
"16",9,"standard Blastoise","blastoise",2.9412,3.1569,2.5882,3.2745,2.451,2.2745,4.2549,2.8431,3.9804,51
"17",12,"Gigantamax Butterfree","butterfree-gmax",3.2745,2.4902,1.5294,3.7451,1.3333,4.098,3.6078,4.4314,3.9216,51
"18",15,"Mega Beedrill","beedrill-mega",4.1961,2.7843,2.6275,3.6667,1.4118,1.7451,4.549,3.0392,4.0588,51
"19",15,"standard Beedrill","beedrill",2.7843,2.902,1.6078,2.6275,2.2745,2.0588,4.0784,2.8824,3.6275,51
"20",17,"Pidgeotto","pidgeotto",2.3654,3.6731,1.3654,1.6346,1.3077,2.5192,3.5385,3.3654,3.4038,52
"21",18,"Mega Pidgeot","pidgeot-mega",3.4423,3.2692,1.4038,2.6346,1.2692,2.5,4.1154,3.6538,3.7308,52
"22",18,"standard Pidgeot","pidgeot",2.2308,3.9615,1.1154,1.5769,1.1154,2.6346,3.9038,3.5577,3.5769,52
"23",24,"Arbok","arbok",2.2692,4.0577,1.1923,1.8077,1.2308,2.1538,4.0192,3.1346,3.6538,52
"24",25,"Gigantamax Pikachu","pikachu-gmax",1.9808,1.2308,2,3.6923,1.75,4.1923,3.5577,3.1923,3.75,52
"25",25,"standard Pikachu","pikachu",1.7692,1.7885,1.5962,3,1.6923,4.3462,3.4808,3.4615,3.8077,52
"26",26,"Alolan Raichu","raichu-alola",2.5577,1.5577,1.9423,3.8654,2.5192,4.3269,3.6538,3.8462,3.9615,52
"27",26,"standard Raichu","raichu",2.1569,2,1.5294,3.2745,2.1373,4.3529,4.0392,3.6667,4.1373,51
"28",27,"Alolan Sandshrew","sandshrew-alola",2.4314,2.3137,2.3137,3.1569,1.902,4.2157,3.5098,3.5294,4.0392,51
"29",27,"standard Sandshrew","sandshrew",1.8654,3.0385,1.4038,1.9231,1.6538,4.5769,3.6346,3.4615,4.1731,52
"30",28,"Alolan Sandslash","sandslash-alola",3.1569,2.6667,2.2549,3.5098,2,3.3529,4.2941,3.5294,4.1176,51
"31",28,"standard Sandslash","sandslash",2.6923,3.5962,1.3462,2.0385,1.8269,3.3269,4.1346,3.1154,4.0192,52
"32",30,"Nidorina","nidorina",2.8462,3.0385,1.5,2.9038,2.0577,3.3654,3.5769,3.1346,3.7115,52
"33",31,"Nidoqueen","nidoqueen",3.0577,2.5,1.7115,3.3269,3.0192,2.6538,3.5769,2.9423,3.5962,52
"34",32,"Male Nidoran","nidoran-m",2.3846,2.6731,1.2885,2.7885,1.0962,3.8654,3.7692,2.9423,3.9808,52
"35",33,"Nidorino","nidorino",2.8846,3.5577,1.5577,2.9423,1.25,2.2115,3.8654,2.5192,3.7308,52
"36",34,"Nidoking","nidoking",3.6538,2.7885,2,3.8077,2.9808,1.6731,4.3654,2.6538,3.9038,52
"37",37,"Alolan Vulpix","vulpix-alola",1.8269,2.5577,1.3846,3.3846,1.1731,4.7885,3.4038,4.6346,4.4231,52
"38",38,"Alolan Ninetales","ninetales-alola",3.0962,3.0385,1.4615,4.1346,1.0962,4.1923,4.1923,4.7692,4.4423,52
"39",38,"standard Ninetales","ninetales",2.4038,3.8269,1.1923,3.5,1.2308,3.9423,4.2115,4.6346,4.1923,52
"40",45,"Vileplume","vileplume",1.9608,2.3529,1.3137,3.2941,2.4706,3.8824,3.3529,3.4902,3.8824,51
"41",53,"standard Persian","persian",1.5385,3.9615,1.4231,1.5385,1.3077,3.0192,3.4615,3.5577,3.5192,52
"42",55,"Golduck","golduck",2.0392,2.8235,1.6667,3.1373,3.2353,2.098,3.3725,2.5686,3.2549,51
"43",56,"Mankey","mankey",1.8077,2.7308,1.5962,2.2308,2.9038,2.5577,3.3077,2.25,3.25,52
"44",57,"Primeape","primeape",2.1154,2.1731,1.8462,2.5385,3.5769,1.8846,3.5192,2,3.3462,52
"45",58,"Hisuian Growlithe","growlithe-hisui",2.3333,2.4314,1.6275,2.8431,1.1765,4.4118,3.5098,3.4706,3.8431,51
"46",58,"standard Growlithe","growlithe",2.4314,3.1373,1.3333,2.3725,1.1176,4.3922,3.9412,3.6863,4.1961,51
"47",59,"Hisuian Arcanine","arcanine-hisui",3.9231,3.0385,2.0385,3.9423,1.1346,3.1731,4.4808,3.6346,4.2308,52
"48",59,"standard Arcanine","arcanine",3.1154,3.7692,1.2885,2.7885,1.1154,3.8269,4.4231,4.0385,4.25,52
"49",62,"Poliwrath","poliwrath",1.6538,1.5,1.6538,3.1154,3.8077,1.9808,3.3846,2.4615,3.3462,52
"50",63,"Abra","abra",2.6731,2.3846,2.1538,3.6923,3.6346,4.0385,3.3269,3.0769,3.9038,52
"51",64,"Kadabra","kadabra",3.5385,2.5385,2.4423,4.4038,4,1.9038,3.9423,2.7885,3.7308,52
"52",65,"Mega Alakazam","alakazam-mega",3.8824,2.2157,2.6078,4.6078,4.5882,1.7647,3.8824,2.6275,3.6863,51
"53",65,"standard Alakazam","alakazam",3.4615,2.7692,2.3077,4.4038,4.3077,1.6923,4.1538,2.7308,4.0962,52
"54",68,"Gigantamax Machamp","machamp-gmax",3.6471,2.5882,2.2745,3.7647,4.7451,1.3725,3.8235,2.1373,3.0588,51
"55",68,"standard Machamp","machamp",3.1176,2.6863,1.8039,3.5098,4.7451,1.6863,4.2353,2.3137,3.8235,51
"56",73,"Tentacruel","tentacruel",3.4118,3.0588,1.451,3.1569,1.1569,1.3922,3.9804,2.2745,3.7451,51
"57",76,"standard Golem","golem",2.5,2.4808,2.7115,3.3269,2.1923,1.5385,3.5962,2.2115,3.4038,52
"58",77,"standard Ponyta","ponyta",1.9231,3.3462,1.5192,3.4615,1.1346,4.0192,3.7692,4.1538,3.8269,52
"59",78,"Galarian Rapidash","rapidash-galar",3.2745,2.4706,1.7451,4.3725,1.2745,3.3529,3.3725,4.098,3.4902,51
"60",78,"standard Rapidash","rapidash",2.4423,3.5385,1.5962,4.0769,1.1923,3,4.0385,4,3.6923,52
"61",80,"Galarian Slowbro","slowbro-galar",2.8654,1.9231,2.0769,3.6923,2.8462,3.1538,3.3269,2.5192,3.75,52
"62",82,"Magneton","magneton",2.6154,2.2692,4.8462,3.7308,1.1923,2.6538,3.3654,2.8077,3.6346,52
"63",83,"Galarian Farfetchâ€™d","farfetchd-galar",2.1923,2.6154,1.4615,2.4808,1.9615,2.5,3.9038,3.0769,3.75,52
"64",85,"Dodrio","dodrio",2.5577,2.9808,1.4808,3.1923,1.3462,2.0577,3.3269,2.3654,3.4231,52
"65",89,"Alolan Muk","muk-alola",2.7885,1.75,4.3269,4.0577,1.3462,1.4615,3.5577,1.9038,3.6538,52
"66",91,"Cloyster","cloyster",3.2549,2.7451,1.902,2.9412,1.2549,1.8431,3.4314,2.6667,3.3137,51
"67",92,"Gastly","gastly",1.2885,1.2692,3.1538,4.3077,1.4231,3.0192,3.6731,2.6154,3.8654,52
"68",93,"Haunter","haunter",1.8824,1.5882,3.3333,4.5882,2.1373,2.7059,4.3137,2.8431,4.2157,51
"69",94,"Gigantamax Gengar","gengar-gmax",2.6275,1.1961,2.7843,4.6667,2.0588,2.2157,3.8824,2.4706,3.7059,51
"70",94,"Mega Gengar","gengar-mega",3.4231,1.5962,2.8462,4.6923,2.0962,2.2885,4.5769,3.2692,4.3077,52
"71",94,"standard Gengar","gengar",1.549,1.5098,2.6471,4.3725,3.1765,3.0392,4.3137,2.9804,4.098,51
"72",95,"Onix","onix",2.5,2.6923,3.4615,3.8654,1.1346,1.5385,3.5769,2.3077,3.2885,52
"73",99,"Gigantamax Kingler","kingler-gmax",4.25,2.6731,1.7885,3.5577,1.5577,1.5962,3.4808,2.1731,3.2115,52
"74",99,"standard Kingler","kingler",2.2157,3.2941,1.1961,1.549,1.1373,1.9412,3.5686,2.3333,3.6667,51
"75",1001,"Wo-Chien","wo-chien",3.9423,3.1346,2.3846,4.5577,1.1346,2.1731,4.0962,2.7692,4.0769,52
"76",1002,"Chien-Pao","chien-pao",3.5882,2.8039,2.7843,4.1373,1.1569,3.2549,4.451,3.7647,4.1373,51
"77",1003,"Ting-Lu","ting-lu",3.7059,2.902,3.3725,4.2941,1.2157,1.7059,3.6471,2.6078,3.3725,51
"78",1004,"Chi-Yu","chi-yu",2.8654,2.4423,3.0192,4.4038,1.0962,3.75,4.0577,3.9423,4.0769,52
"79",1005,"Roaring Moon","roaring-moon",4.6078,2.8431,2.1765,4.6078,1.2941,1.5882,4.3725,3.1176,3.8431,51
"80",1006,"Iron Valiant","iron-valiant",4.3462,2.6346,4.8269,4.5385,4.8269,2.2308,4.5192,3.8846,3.8269,52
"81",1007,"Koraidon","koraidon-apex-build",4.7692,2.8462,2.3269,4.4615,3.0192,2.8846,4.2692,3.5577,3.9808,52
"82",1008,"Miraidon","miraidon-ultimate-mode",4.6471,2.5882,4.7255,4.7059,2.0196,2.549,4.4118,3.5098,3.9804,51
"83",103,"Alolan Exeggutor","exeggutor-alola",2.2115,1.6731,1.4231,3.4615,1.4423,2.75,3.3462,2.5192,4.0962,52
"84",104,"Cubone","cubone",2.2692,2.8077,1.6154,3.1346,2.4615,4.1538,3.9615,3.25,4.1346,52
"85",105,"Alolan Marowak","marowak-alola",2.9231,2.2885,2.0769,4.1538,2.9038,2.3654,4.5769,3.4423,4.2308,52
"86",105,"standard Marowak","marowak",2.1176,2.9608,1.451,3.1373,2.7451,2.6471,4.1373,2.9412,3.8431,51
"87",106,"Hitmonlee","hitmonlee",2.1731,2.0385,2.2115,3.2885,4.2885,1.5577,3.4423,2.0962,3.1346,52
"88",111,"Rhyhorn","rhyhorn",3.1961,3.4118,2.0784,2.902,1.1373,2.4314,3.7059,2.6667,3.5098,51
"89",112,"Rhydon","rhydon",3.1373,3.0392,2.0588,3.1176,2.6863,1.8235,4.1765,2.7647,3.6275,51
"90",115,"Mega Kangaskhan","kangaskhan-mega",3.1538,2.4808,1.6923,2.9231,3.1731,3.4231,3.6346,2.8077,3.5769,52
"91",115,"standard Kangaskhan","kangaskhan",3.1154,3.3077,1.5192,2.6538,3.0385,3.2308,3.8654,2.8269,3.6346,52
"92",117,"Seadra","seadra",2.7451,3.1176,1.3529,2.6275,1.1176,2.4118,3.9412,3.1765,3.8431,51
"93",121,"Starmie","starmie",2.6667,3.1373,3,3.7059,1.2157,2.3333,3.6667,3.6471,3.6078,51
"94",123,"Scyther","scyther",3.3725,3.0196,1.7451,3.4902,3.0784,1.9608,4.3529,3.0588,4.0392,51
"95",125,"Electabuzz","electabuzz",3.1961,1.9804,2.1961,4.1373,3.7843,1.8824,3.8824,2.1373,3.3922,51
"96",127,"Mega Pinsir","pinsir-mega",4.4423,2.4231,2.1346,3.6154,2.3462,1.4231,3.6154,1.9038,2.9615,52
"97",127,"standard Pinsir","pinsir",2.7692,2.7692,1.8846,2.8462,2.7692,1.3269,3.6731,1.7692,3.2692,52
"98",128,"Paldean Tauros Aqua Breed","tauros-paldea-aqua-breed",2.5,3.5192,1.4808,2.3654,1.1346,1.9038,3.5769,2.9423,3.3269,52
"99",128,"Paldean Tauros Blaze Breed","tauros-paldea-blaze-breed",2.3922,3.5686,1.4314,2.3922,1.2157,1.8627,3.9608,3.1569,3.3725,51
"100",128,"Paldean Tauros Combat Breed","tauros-paldea-combat-breed",2.0196,3.6863,1.3529,1.7059,1.0784,1.902,3.4314,2.8235,3.2549,51
"101",128,"standard Tauros","tauros",2.0192,4.1154,1.1923,1.6346,1.1538,1.9808,3.6731,2.7885,3.3077,52
"102",130,"Mega Gyarados","gyarados-mega",4.3846,2.9231,2.1923,4.3654,1.2115,1.5192,4.4423,2.8269,3.9808,52
"103",130,"standard Gyarados","gyarados",3.8824,3.2941,1.4706,4.1765,1.1176,1.4706,4.5294,2.4118,4.1176,51
"104",131,"Gigantamax Lapras","lapras-gmax",3.6154,2.0962,2.3077,4.5385,1.0769,3.2308,3.5962,4.0192,3.6346,52
"105",131,"standard Lapras","lapras",2.6078,3.1765,1.4314,3.7451,1.1961,4.0196,4.1373,4.5686,4.451,51
"106",133,"standard Eevee","eevee",1.5577,3.25,1.2308,2.2115,1.1731,4.7885,3.4038,4.1346,4.2115,52
"107",134,"Vaporeon","vaporeon",2.8627,2.5686,1.3529,3.9412,1.2745,4.4118,3.7647,4.2745,4.2745,51
"108",135,"Jolteon","jolteon",2.1569,2.9608,1.549,3.1765,1.098,3.8824,4.2745,3.4902,3.9412,51
"109",136,"Flareon","flareon",1.8462,3.2115,1.4038,2.8269,1.2308,4.0385,3.6154,3.8462,3.7692,52
"110",137,"Porygon","porygon",2.2549,1.5882,4.8235,3.9608,1.1176,3.4706,3.5686,2.9216,4,51
"111",138,"Omanyte","omanyte",1.75,2.6538,1.3269,2.3077,1.1346,4.3077,3.3846,3.2115,4.0192,52
"112",139,"Omastar","omastar",2.8269,2.9615,1.5385,2.7692,1.1923,1.6923,3.3654,1.9423,3.2308,52
"113",140,"Kabuto","kabuto",1.6346,3.1346,1.5385,2.2115,1.1538,3.3077,3.3654,2.7115,3.7115,52
"114",141,"Kabutops","kabutops",3.3725,3.5098,1.8431,3.5098,3.1961,1.7059,4.1569,2.7059,3.7843,51
"115",142,"Mega Aerodactyl","aerodactyl-mega",4.0385,2.7308,2.6154,3.9808,1.1923,1.5769,3.6923,1.9615,3,52
"116",142,"standard Aerodactyl","aerodactyl",2.3529,3.4902,1.7647,2.8824,1.2549,1.7647,4.1569,2.5098,3.7255,51
"117",143,"Gigantamax Snorlax","snorlax-gmax",3.6154,1.7885,1.9038,4.1731,2.5192,3.1154,3.4808,3.1154,3.6154,52
"118",144,"Galarian Articuno","articuno-galar",3.4118,2.549,2.0392,4.1765,1.902,2.2549,3.9804,3.5294,3.6471,51
"119",144,"standard Articuno","articuno",2.5962,3.7115,1.5962,3.9808,1.2115,2.9423,3.9615,4.1538,3.9615,52
"120",145,"Galarian Zapdos","zapdos-galar",3.4231,2.6346,1.5962,3.6538,1.4038,2.0577,4.5385,3.3077,4.1538,52
"121",145,"standard Zapdos","zapdos",3.0577,2.4231,2.0577,3.8654,1.1923,1.9615,4.1923,2.9423,3.75,52
"122",146,"Galarian Moltres","moltres-galar",3.8269,2.4808,2.1154,4.5192,1.25,1.9808,4.6346,3.75,4.25,52
"123",146,"standard Moltres","moltres",2.5686,3.0784,1.902,3.8627,1.2549,2.1569,3.3922,3.1176,3.2157,51
"124",147,"Dratini","dratini",1.3654,2.1346,1.4615,4.0385,1.0962,4.7885,3.4808,4.2308,4.2115,52
"125",148,"Dragonair","dragonair",1.7059,2.4902,1.7843,4.3529,1.1373,4.1961,4.1765,4.5882,4.3333,51
"126",149,"Dragonite","dragonite",2.0588,1.451,1.5294,4.5294,2.7059,4.3137,3.9216,3.7059,4.1961,51
"127",150,"Mega Mewtwo X","mewtwo-mega-x",3.9216,2.5294,3.8039,4.2941,4.6471,1.5098,3.6667,2.1765,2.7843,51
"128",150,"Mega Mewtwo Y","mewtwo-mega-y",3.2692,2.2308,3.7115,4.3462,4.2308,2.5577,3.6154,2.9423,3.5192,52
"129",150,"standard Mewtwo","mewtwo",3.0784,2.9608,3.3333,4.1373,4.3137,2.0588,4.3725,2.8039,4,51
"130",151,"Mew","mew",1.3846,1.6923,1.8077,3.6923,2.4231,4.5192,3.5769,3.9615,4.2308,52
"131",153,"Bayleef","bayleef",2.1961,2.1961,1.3333,3.6078,1.2353,4.2157,3.5098,3.8431,3.9804,51
"132",155,"Cyndaquil","cyndaquil",1.7885,2.2692,1.5192,3.2115,1.25,4.75,3.9423,3.4808,4.4038,52
"133",156,"Quilava","quilava",2.0385,2.6154,1.5577,3.4423,1.7308,4,4.1731,3.5962,4.2308,52
"134",157,"Hisuian Typhlosion","typhlosion-hisui",2.9423,2.5,2.0577,4.1731,3.0769,3.2115,4.2115,3.7308,4.0962,52
"135",157,"standard Typhlosion","typhlosion",2.0192,3.1923,1.4808,3.0962,2.3269,2.8846,4.4231,3.3462,4.1154,52
"136",158,"Totodile","totodile",2.1731,1.9038,1.3077,2.3846,2.25,4.5,4.0577,3.3654,4.25,52
"137",159,"Croconaw","croconaw",2.4902,1.9804,1.7451,2.8824,2.5882,2.7647,3.5686,2.3922,3.5686,51
"138",160,"Feraligatr","feraligatr",3.1569,2.6471,1.549,3.0392,3.2745,1.902,4.1569,2.4314,3.8039,51
"139",164,"Noctowl","noctowl",2.0588,3.7059,1.1765,1.4902,1.2549,2.5294,3.4706,3.1176,3.7059,51
"140",166,"Ledian","ledian",2.0392,2.0392,1.8235,2.7647,3.2745,3.8627,3.5098,3.4902,3.6078,51
"141",168,"Ariados","ariados",2.9231,3.2692,1.5,2.4423,1.0962,2.1538,3.5577,2.7308,3.5962,52
"142",169,"Crobat","crobat",2.0577,2.2115,1.4615,2.9615,1.1923,2.5192,4.3269,2.8269,4.2115,52
"143",178,"Xatu","xatu",3.1373,2.2549,2.2157,3.7451,2.4706,2.6275,3.5294,3.1765,3.5294,51
"144",179,"Mareep","mareep",1.8077,2.3654,1.8462,2.7115,1.1154,4.6154,3.3269,4.0577,4.3077,52
"145",181,"Mega Ampharos","ampharos-mega",3.2308,1.8462,2.4038,4.2692,2.9615,3.8462,3.8654,4.1154,3.9423,52
"146",181,"standard Ampharos","ampharos",2.0588,1.8627,1.9608,3.3922,2.7255,3.9216,3.6471,3.5294,3.9804,51
"147",194,"Wooper Paldean","wooper-paldea",1.5962,1.5577,1.6923,2.6538,1.9423,4.5962,3.3462,3.3462,4.3077,52
"148",196,"Espeon","espeon",1.7885,3.25,1.6154,3.7692,1.2115,3.9808,4.0385,4.6346,4.1731,52
"149",197,"Umbreon","umbreon",2.0577,2.9423,1.5577,3.1538,1.1346,4.2115,4.6346,4.3846,4.4808,52
"150",198,"Murkrow","murkrow",2.0577,2.5385,1.4423,2.3269,1.3846,3.4615,3.75,3.1154,3.9231,52
"151",199,"Galarian Slowking","slowking-galar",3.7308,1.6731,2.5192,4.4231,3.5192,2.0385,3.4423,2,3.4808,52
"152",200,"Misdreavus","misdreavus",2.1731,1.7308,3.0192,4.4231,2.3077,4.3077,3.4038,4,3.9038,52
"153",207,"Gligar","gligar",2.3846,1.5385,1.6538,3.1346,2.3846,3.8654,3.8269,2.6923,3.8846,52
"154",208,"Mega Steelix","steelix-mega",4.5,2.7308,3.8654,4.5769,1.1346,1.4615,4.3077,2.7115,3.8846,52
"155",208,"standard Steelix","steelix",3.1765,2.8627,3.6275,3.8824,1.1569,1.3725,4.3922,2.4314,3.9804,51
"156",212,"Mega Scizor","scizor-mega",4.2157,2.5294,4.1176,4.0784,3.8235,1.8824,4.2745,2.9804,3.7059,51
"157",212,"standard Scizor","scizor",3.451,2.5686,3.3725,3.9804,3.9412,1.902,4.5882,3.549,4.1176,51
"158",214,"Mega Heracross","heracross-mega",4.1569,2.4314,2.1176,3.5098,3.0588,2.1569,3.4118,2.3137,3,51
"159",214,"standard Heracross","heracross",2.6346,3.3269,1.4038,2.25,2.8077,3.5962,4.25,3,4.0385,52
"160",215,"Hisuian Sneasel","sneasel-hisui",2.9608,2,1.7647,3.3137,3.4902,3.7255,4.0784,3.5294,3.9608,51
"161",215,"standard Sneasel","sneasel",2.3654,2.3077,1.9231,3.5577,3.3846,3.6731,4.1346,3.6154,4.0769,52
"162",217,"Ursaring","ursaring",1.902,3.4314,1.2353,1.451,2.5882,2.4902,3.6471,2.8039,3.5294,51
"163",219,"Magcargo","magcargo",2.6346,2.3269,2.4231,3.8654,1.3077,3.1346,3.3654,2.4423,3.6346,52
"164",222,"Galarian Corsola","corsola-galar",2.451,2.2941,2,3.6275,1.1569,3.7255,3.549,3.1176,3.9804,51
"165",227,"Skarmory","skarmory",3.3462,2.7885,3.6346,4.0192,1.25,2.25,4.2115,3,3.8269,52
"166",228,"Houndour","houndour",2.1373,2.8627,1.7255,2.9412,1.098,3.4118,3.9216,2.8824,3.6667,51
"167",229,"Mega Houndoom","houndoom-mega",4.1538,2.9615,2.0962,4.0962,1.1346,2.0192,4.5,3.3846,3.9231,52
"168",229,"standard Houndoom","houndoom",2.8431,2.8235,1.7255,3.5294,1.1176,2.5686,4.3529,3.1961,3.8627,51
"169",230,"Kingdra","kingdra",2.8654,3.5577,1.5,2.9615,1.1923,2.4808,4,3.4038,3.8846,52
"170",232,"Donphan","donphan",2.8654,3,1.9615,2.5,1.2308,2.25,3.9615,2.7308,3.8654,52
"171",233,"Porygon2","porygon2",1.5294,1.4706,4.6078,3.8431,1.1569,3.902,3.5882,3.3333,3.9412,51
"172",239,"Elekid","elekid",2.1538,1.5577,3.4615,3.9231,3.4808,3.5577,3.7115,2.6346,3.6923,52
"173",243,"Raikou","raikou",3.9615,2.9615,1.9615,4.5962,1.1923,2.5769,4.5,3.5385,4.1154,52
"174",244,"Entei","entei",3.8077,3.1538,1.9231,4.4423,1.2885,2.2885,4.5385,3.6154,4.0385,52
"175",245,"Suicune","suicune",3.6471,3.1373,1.9804,4.451,1.2157,3.1176,4.5098,4.451,4.3137,51
"176",246,"Larvitar","larvitar",2.2885,2.3654,2.2308,3.4423,2.0962,3.6154,3.7692,2.9808,3.8462,52
"177",248,"Mega Tyranitar","tyranitar-mega",4.4038,2.5769,2.6923,4.3846,2.4423,1.6538,4.2115,2.6538,3.5385,52
"178",248,"standard Tyranitar","tyranitar",3.4314,2.8039,2.5294,4.1569,2.2549,1.7647,4.5686,2.6667,4.2549,51
"179",249,"Lugia","lugia",2.7647,2.5294,1.9608,4.2941,1.8039,2.8039,4.4314,3.8431,4.2353,51
"180",250,"Ho-Oh","ho-oh",3.5962,3.1923,1.5385,4.0769,1.2308,2.7115,4.5,4.4038,4.3462,52
"181",251,"Celebi","celebi",2.2692,1.8269,1.6923,4.5577,3.3462,4.4808,3.4038,4.2115,4.1923,52
"182",252,"Treecko","treecko",1.9808,2.1538,1.4423,2.5192,3.1154,3.8462,3.8654,3.1731,4.0769,52
"183",253,"Grovyle","grovyle",2.8654,3.0385,1.5385,3.1346,2.9038,2.9423,4.4038,3.4423,4.3654,52
"184",254,"Mega Sceptile","sceptile-mega",4.2308,2.9423,2,4.3077,2.9231,2.0192,4.5385,3.2308,4.1154,52
"185",254,"standard Sceptile","sceptile",3.5192,2.9615,1.3269,3.6346,3.2115,2.5192,4.4423,3.4038,4.1346,52
"186",256,"Combusken","combusken",2.6154,2.25,1.4231,3.0962,3.6923,2.4615,3.3269,2.5192,3.2885,52
"187",257,"Mega Blaziken","blaziken-mega",4.0577,2.7115,2.2885,4.2308,4.6731,2.0385,4.3269,3.1731,3.9808,52
"188",257,"standard Blaziken","blaziken",3.4231,2.5962,1.8462,3.9038,4.6154,2.0769,4.2308,3.0385,3.7692,52
"189",258,"Mudkip","mudkip",1.9038,2.0769,1.4231,2.6154,1.2308,4.7308,3.4423,3.6346,4.3654,52
"190",260,"Mega Swampert","swampert-mega",3.8462,1.9808,2.0769,3.6154,3.1731,2.1346,4.1923,2.5962,3.75,52
"191",260,"standard Swampert","swampert",3.3725,2.8824,1.549,3.2941,1.9608,2.7059,3.9412,2.6667,4.0392,51
"192",261,"Poochyena","poochyena",1.7692,3.2115,1.1346,1.4423,1.1731,3.5,3.4423,2.7692,3.6538,52
"193",262,"Mightyena","mightyena",2.549,3.9608,1.3725,1.7451,1.2157,2.5686,4.098,3.1569,3.8824,51
"194",263,"Galarian Zigzagoon","zigzagoon-galar",2.5,2.0769,1.6154,2.7692,1.1538,4.3462,4.0385,3.0962,4.1923,52
"195",264,"Galarian Linoone","linoone-galar",2.7647,2.0392,1.6863,2.8824,1.3922,2.6275,3.902,2.7843,3.4314,51
"196",275,"Shiftry","shiftry",3.2157,2.2549,2.1569,4.3333,3.8431,1.3529,3.6471,2,3.3922,51
"197",276,"Taillow","taillow",1.6275,3.2157,1.2745,1.451,1.1373,3.8039,3.3333,3.4706,3.6078,51
"198",277,"Swellow","swellow",1.9804,4.0196,1.1961,1.549,1.1373,2.6471,3.6667,3.5882,3.3725,51
"199",282,"Mega Gardevoir","gardevoir-mega",3.2308,2.3846,2.2885,4.4231,4.8654,3.75,3.7115,4.4038,3.9615,52
"200",282,"standard Gardevoir","gardevoir",2.6923,2.5,2.2885,4.1923,4.6346,3.5769,3.75,4.4615,4.0192,52
"201",286,"Breloom","breloom",2.9808,2.0192,1.6538,3.8654,3.1346,3.9423,3.9423,3.2885,4.2692,52
"202",291,"Ninjask","ninjask",3.1731,3.5577,1.9231,2.5769,1.1923,2.75,4.0962,3.1346,3.8269,52
"203",292,"Shedinja","shedinja",2.8269,2.8077,2.3654,4.0769,1.2308,2.75,3.8269,2.8846,4.0769,52
"204",295,"Exploud","exploud",3.6346,2.0385,2.8269,4.0769,2.8462,1.3654,3.3077,1.6154,3.3269,52
"205",302,"Mega Sableye","sableye-mega",3.2353,1.7843,3.2549,4.4706,3.6078,3.2549,4.0784,3.0392,4.0784,51
"206",302,"standard Sableye","sableye",2.4118,2.0784,3.0588,4.4706,3.8235,3.0588,4.0784,2.8431,4.2157,51
"207",303,"Mega Mawile","mawile-mega",4.1176,2.3725,2.6275,4.4118,4.098,3.2745,4.3333,3.4902,3.9412,51
"208",303,"standard Mawile","mawile",3.1569,2.2157,2.3529,4.1961,4,3.6275,3.7451,3.3137,3.7843,51
"209",304,"Aron","aron",2.1154,1.7885,3.5192,3.4423,1.2115,4.1731,3.5962,3.0769,3.8846,52
"210",305,"Lairon","lairon",3.6471,2.902,3.0588,3.7255,1.1373,2.6863,4.1373,2.7059,3.8039,51
"211",306,"Mega Aggron","aggron-mega",4.4808,2.8846,3.8077,4.1923,2.3462,1.4231,4.3654,2.4231,3.7308,52
"212",306,"standard Aggron","aggron",4.0588,3.0588,3.3333,4,2.1765,1.6863,4.4902,2.5686,4.1176,51
"213",308,"Mega Medicham","medicham-mega",4.0588,1.9216,2.3333,4.2941,4.8824,2.098,3.6078,2.9216,3.2353,51
"214",309,"Electrike","electrike",2.2115,2.1154,1.75,3.0577,1.1731,2.9615,3.3462,2.5962,3.1923,52
"215",310,"Mega Manectric","manectric-mega",3.5686,1.9412,2.4314,4.4118,1.1373,2.3137,3.7647,2.5882,3.0588,51
"216",318,"Carvanha","carvanha",2.8077,2.6923,1.5769,2.5,1.1154,2.0769,3.8462,2.0962,3.5769,52
"217",319,"Mega Sharpedo","sharpedo-mega",4.3077,2.1923,2.4615,3.8077,1.0962,1.2308,3.6923,1.9231,2.7885,52
"218",319,"standard Sharpedo","sharpedo",2.5577,2.8077,2.0577,2.8077,1.1731,1.6538,4.3269,2.6346,3.9038,52
"219",321,"Wailord","wailord",1.6731,2.5,1.4038,1.9808,1.1538,3.3077,3.4615,2.9808,3.8077,52
"220",323,"Mega Camerupt","camerupt-mega",3.4808,1.9231,2.3846,4.2692,1.1731,2.2308,3.5577,2.5192,3.3846,52
"221",324,"Torkoal","torkoal",3,2.8431,1.9804,3.1961,1.1569,3.0196,3.451,2.5882,3.6275,51
"222",329,"Vibrava","vibrava",2.9038,3.3269,1.3462,2.5577,1.1154,3.6346,3.7692,3.3077,4.0192,52
"223",330,"Flygon","flygon",3.4231,2.4808,1.8077,4.2885,1.3846,3.8462,4.5962,3.8846,4.5385,52
"224",331,"Cacnea","cacnea",2.2692,1.8846,1.5,3.0577,2.7115,4.1346,3.3654,2.8462,4,52
"225",332,"Cacturne","cacturne",2.5192,2.25,1.8846,3.6923,4.1154,1.9038,3.6538,2.2885,3.5577,52
"226",334,"Mega Altaria","altaria-mega",3.3137,2,1.7843,4.451,1.1961,4.2157,3.6667,4.3725,4.0196,51
"227",334,"standard Altaria","altaria",2.0962,2.0385,1.8654,3.9808,1.1538,4.1923,3.4038,4.3654,4.0577,52
"228",335,"Zangoose","zangoose",2.4808,2.9231,1.5192,2.4423,3.1154,2.4231,4.1346,2.8462,3.7308,52
"229",336,"Seviper","seviper",3.1176,2.7255,1.4314,2.451,1.098,2.1176,4.0392,3.0588,3.5882,51
"230",342,"Crawdaunt","crawdaunt",3.7885,3.3654,1.6346,2.7885,1.3269,1.7115,3.9231,2.2692,3.5577,52
"231",348,"Armaldo","armaldo",4.0784,2.7843,1.9608,3.5098,2.3725,2.2353,3.6471,2.5294,3.7059,51
"232",350,"Milotic","milotic",3.0196,3.098,1.451,3.9608,1.4706,3.8039,4.1176,4.6275,4.1176,51
"233",354,"Mega Banette","banette-mega",3.8077,1.9038,4.0385,4.6346,3.5192,2.7885,4.3269,3.1154,4.1154,52
"234",354,"standard Banette","banette",2.3269,1.9231,4.0962,4.2115,3.4423,2.9423,4,2.9231,4.0385,52
"235",355,"Duskull","duskull",2.0588,2,3.098,4.451,2.1373,3.2745,3.7255,2.7255,4.0784,51
"236",356,"Dusclops","dusclops",2.8235,1.8824,3.5294,4.2353,3.5294,2.1373,3.6667,2.3725,3.6078,51
"237",357,"Tropius","tropius",3,3.1154,1.2885,3.8462,1.1154,2.8846,3.8077,3.5192,3.8462,52
"238",359,"Mega Absol","absol-mega",3.8039,2.7647,1.7255,4.6667,1.6078,3.4706,4.4706,4.3725,4.2549,51
"239",359,"standard Absol","absol",2.6275,3.3137,1.7255,4.0588,1.3922,3.451,4.4118,4.2549,4.1961,51
"240",362,"Mega Glalie","glalie-mega",3.9231,2.1731,3.7308,4.3654,1.75,1.3654,3.7692,1.8654,3.2885,52
"241",362,"standard Glalie","glalie",2.8431,2.2745,3.6078,4.2157,1.9412,1.549,3.451,1.9412,3.1961,51
"242",363,"Spheal","spheal",1.2549,1.5882,1.451,2.2353,1.1765,4.8039,3.3529,4,4.3922,51
"243",365,"Walrein","walrein",2.6923,3.5769,1.2692,2.0769,1.1538,2.2115,3.6154,2.1923,3.3654,52
"244",371,"Bagon","bagon",2.0392,1.8431,1.7843,3.451,1.9804,3.4314,3.3137,2.4118,3.549,51
"245",373,"Mega Salamence","salamence-mega",3.7647,2.3333,2.8824,4.5098,1.1569,1.4902,3.902,2.8627,3.3137,51
"246",373,"standard Salamence","salamence",2.9608,2.5294,2.0392,4.1961,1.1373,1.8235,4.1373,2.8431,3.7255,51
"247",374,"Beldum","beldum",2.6154,3.1538,4.6154,4.0192,1.1731,2.9231,3.5,2.7308,3.5769,52
"248",375,"Metang","metang",3.5,3.1731,4.7885,4.2115,1.4038,1.9615,3.9231,2.6154,3.7885,52
"249",376,"Mega Metagross","metagross-mega",4.4615,2.8462,4.7115,4.4038,1.3654,1.6731,4.4808,2.75,3.9808,52
"250",376,"standard Metagross","metagross",4.0385,3.0769,4.7692,4.25,1.3077,1.4038,4.5962,2.8269,4.1923,52
"251",377,"Regirock","regirock",3.2353,3.1961,4.3922,4.2353,3.5882,1.6471,3.8431,2.4706,3.5686,51
"252",378,"Regice","regice",2.6667,2.6471,4.3725,4.3922,3.0392,1.8235,3.6863,3.1765,3.6275,51
"253",379,"Registeel","registeel",2.8462,2.7692,4.8269,4.2692,3.6154,1.6538,3.8269,2.8269,3.7692,52
"254",380,"Mega Latias","latias-mega",3.6731,2.2308,3.4231,4.4231,1.5962,2.8654,3.5577,3.2115,3.1154,52
"255",380,"standard Latias","latias",2.9038,2.1154,2.9615,4.4615,1.7885,4.1731,3.7308,4.0192,4.1154,52
"256",381,"Mega Latios","latios-mega",3.8846,2.2692,3.7308,4.5192,1.3846,2.4423,3.7308,2.8462,3.0385,52
"257",381,"standard Latios","latios",3.2941,2.4706,3.1765,4.3922,1.5686,3.0392,4.2157,3.7647,3.8431,51
"258",382,"Primal Kyogre","kyogre-primal",4.2157,3.1765,2.2549,4.5294,1.1765,2.2353,4.3529,3.8039,4.0588,51
"259",382,"standard Kyogre","kyogre",3.5577,3.2115,2.0769,4.0769,1.1346,2.0962,4.3846,3.6346,4.25,52
"260",383,"Primal Groudon","groudon-primal",4.5,3,2.6154,4.7885,1.8654,1.4423,4.6731,3.2115,4.2885,52
"261",383,"standard Groudon","groudon",4.3077,2.8462,2.5385,4.4423,2.0192,1.6154,4.5192,2.8462,4.1731,52
"262",384,"Mega Rayquaza","rayquaza-mega",4.8654,2.7308,2.9423,4.9615,1.1923,1.6346,4.6923,3.6154,4.2115,52
"263",384,"standard Rayquaza","rayquaza",4.4314,3.098,2.9608,4.6471,1.2353,1.3333,4.3922,3.1373,4.098,51
"264",385,"Jirachi","jirachi",2.4231,1.8269,3.1154,4.6923,3.3462,4.5385,3.5962,4.25,4.1346,52
"265",386,"Attack Deoxys","deoxys-attack",3.9804,2.6667,4.1765,4.7647,4.549,1.7451,4.4706,3.1569,4,51
"266",386,"Defense Deoxys","deoxys-defense",3.1923,2.3846,4.4423,4.5,4.4423,1.7885,3.9615,2.5192,3.4615,52
"267",386,"Speed Deoxys","deoxys-speed",3.9423,2.6923,4.1731,4.5192,4.4231,1.9423,4.5769,3.2692,3.9038,52
"268",386,"standard Deoxys","deoxys-normal",4.0962,2.8462,4.0577,4.5192,4.5385,1.75,4.4808,3.2115,4.2308,52
"269",387,"Turtwig","turtwig",2.0577,2.3269,1.3462,2.8846,1.1731,4.5962,3.6538,3.4231,4.3654,52
"270",389,"Torterra","torterra",3.9231,3.5769,1.8654,4.1731,1.1731,2.4231,4.4615,3.0769,4.4038,52
"271",391,"Monferno","monferno",2.6346,2.5769,1.5577,3.3846,3.4038,3.1538,3.4808,2.8269,3.4423,52
"272",392,"Infernape","infernape",3.7647,3.0784,2,3.9412,4.098,2.2353,4.3137,3.0196,3.7255,51
"273",395,"Empoleon","empoleon",3.9038,3.0385,2.4423,3.4038,3.2115,2.25,4.3462,3.2115,3.9423,52
"274",398,"Staraptor","staraptor",3.1346,3.5,1.2885,1.9231,1.2885,2.2308,4.1346,3.3269,3.9231,52
"275",403,"Shinx","shinx",2.0385,1.7885,1.5192,2.8462,1.2115,4.4423,3.5962,3.5192,4.0192,52
"276",404,"Luxio","luxio",3.0385,2.5192,1.5577,2.9808,1.1154,3.4808,3.9423,3.3462,3.9038,52
"277",405,"Luxray","luxray",3.5385,3.1731,1.5769,3.4615,1.1346,2.9231,4.6538,3.8269,4.3654,52
"278",407,"Roserade","roserade",3.2353,2.2353,1.9608,4.0588,4.3333,3.3725,3.9804,4.3529,3.8431,51
"279",408,"Cranidos","cranidos",2.25,2.5577,1.8269,2.4423,1.3846,3.5577,3.7885,2.7692,3.9231,52
"280",409,"Rampardos","rampardos",3.5,3.0577,2.0962,2.9615,1.6154,1.6538,4.1538,2.4038,3.8269,52
"281",416,"Vespiquen","vespiquen",3.4038,2.5577,2.0192,3.4423,3.4423,2.3269,3.75,3.2692,3.5192,52
"282",418,"Buizel","buizel",2.1731,2.5192,1.7115,2.5385,2.2115,3.9615,3.7308,3.4038,3.7885,52
"283",419,"Floatzel","floatzel",3,2.3462,1.7885,2.7692,2.8462,3.0962,3.6731,3.25,3.5577,52
"284",428,"Mega Lopunny","lopunny-mega",3.5098,2.0196,1.8627,3.5098,4.6078,3.7255,3.6471,3.9608,3.5294,51
"285",429,"Mismagius","mismagius",3.1961,1.8627,2.9804,4.6863,2.9412,3.1961,4.0392,3.7451,4.2549,51
"286",430,"Honchkrow","honchkrow",2.8269,2.3846,1.6923,2.9615,2.0577,2.2692,4.1154,3.1538,4,52
"287",442,"Spiritomb","spiritomb",2.9216,1.7451,3.7647,4.7451,1.2745,1.8627,4.1373,2.6667,3.7255,51
"288",443,"Gible","gible",2.2115,1.75,1.7308,3.7308,1.7692,4.3269,3.7692,2.7308,4.2308,52
"289",444,"Gabite","gabite",3.3137,2.7843,1.7843,4.0588,2.2549,2.2745,3.8824,2.5294,3.4706,51
"290",445,"Mega Garchomp","garchomp-mega",4.4615,2.25,2.6346,4.5192,3.0385,1.4038,3.6731,1.9615,3.0385,52
"291",445,"standard Garchomp","garchomp",4.0192,2.9808,2.1154,4.3846,2.8846,1.7692,4.4615,2.8846,4.0769,52
"292",447,"Riolu","riolu",2.2885,2.0577,1.9038,3.3269,3.9808,4.1154,3.8269,3.2308,3.7692,52
"293",448,"Mega Lucario","lucario-mega",4.5294,2.7451,2.451,4.2745,4.4902,2.2941,4.4902,3.3333,3.8824,51
"294",448,"standard Lucario","lucario",3.3269,2.5192,2.2692,4.0962,4.3654,2.6731,4.3077,3.2692,3.9231,52
"295",450,"Hippowdon","hippowdon",3.1154,3.4038,1.75,2.75,1.1538,1.6923,3.4038,1.9808,3.3846,52
"296",451,"Skorupi","skorupi",2.5962,2.2115,1.7115,2.2308,1.1923,3.3846,3.5192,2.6154,3.7115,52
"297",452,"Drapion","drapion",4.1176,2.1569,2.0784,3.5686,1.5882,1.5098,3.7451,1.8431,3.4902,51
"298",453,"Croagunk","croagunk",2.5192,1.8654,1.6538,2.9808,3.6346,3.0769,3.9423,2.4231,3.9808,52
"299",454,"Toxicroak","toxicroak",3.5385,2.4231,1.8077,3.2692,3.75,1.8846,4.0192,2.2308,3.6923,52
"300",460,"Mega Abomasnow","abomasnow-mega",4.4118,2.2745,1.9216,4.3137,2.5686,1.7647,4.0392,2.3529,3.5098,51
"301",460,"standard Abomasnow","abomasnow",3.0385,2.2308,1.5577,4.0385,3.4615,1.8654,3.5962,2.25,3.6538,52
"302",461,"Weavile","weavile",3.0577,2.3269,2.0385,3.5,3.75,3.0192,4.2885,3.5577,4.0769,52
"303",462,"Magnezone","magnezone",3.3529,2.1765,4.8627,4.0392,1.1373,1.9608,4,2.6863,3.7843,51
"304",466,"Electivire","electivire",3.7692,2.6538,2.6538,3.9808,3.8654,1.6346,4.0769,2.5,3.7308,52
"305",467,"Magmortar","magmortar",3.7885,1.6923,3.1731,4.1731,3.8077,1.3077,3.3077,1.4423,2.7308,52
"306",469,"Yanmega","yanmega",3.6346,3.8462,1.6154,2.8654,1.1731,1.6731,4.2115,2.7308,3.9231,52
"307",470,"Leafeon","leafeon",2.6346,2.9231,1.3462,3.6346,1.1538,4.4038,3.8462,4.4423,4.2308,52
"308",471,"Glaceon","glaceon",2.3077,2.5,1.8269,3.4808,1.3269,4.1731,3.9038,4.2692,4.0962,52
"309",472,"Gliscor","gliscor",3.5,2.2308,2,3.5385,1.9615,2.3077,4.25,2.5769,3.8654,52
"310",473,"Mamoswine","mamoswine",2.3462,3.1923,1.3269,2.25,1.0769,2.25,3.7885,2.3846,3.7885,52
"311",474,"Porygon-Z","porygon-z",2.0784,1.451,4.6863,4.2941,1.2745,3.3529,3.8431,3.0392,4.1373,51
"312",475,"Mega Gallade","gallade-mega",3.8269,2.2115,2.8269,4.4038,4.6346,2.5962,4.3269,3.8654,3.9038,52
"313",475,"standard Gallade","gallade",2.9412,2.098,2.8627,4.0784,4.8039,2.3529,4.1373,3.2549,3.7059,51
"314",477,"Dusknoir","dusknoir",3.6275,2.2745,3.6275,4.4314,3.5882,1.6078,4.3333,2.6471,3.7843,51
"315",478,"Froslass","froslass",3.5686,2.2549,2.9804,4.549,3.8824,3.2157,3.8627,4,4.0784,51
"316",479,"Mow Rotom","rotom-mow",2.3529,1.451,4.7059,4.0588,1.1961,2.9608,3.549,2.6275,3.8039,51
"317",479,"standard Rotom","rotom",1.6667,1.3137,4.4902,4.2549,1.2745,3.9804,3.8627,3.3922,3.8824,51
"318",482,"Azelf","azelf",2.549,2,2.2941,4.5294,3.3137,3.8235,3.3137,3.6275,3.4118,51
"319",483,"Origin Dialga","dialga-origin",4.75,2.7692,4.1346,4.5769,1.3846,1.3654,3.5,2.2308,2.7885,52
"320",483,"standard Dialga","dialga",4.6731,3.1154,3.6923,4.6538,1.1923,1.5962,4.1923,2.8654,3.7692,52
"321",484,"standard Palkia","palkia",4.7115,2.9231,3.6923,4.7308,2.7308,1.4423,4.0769,2.7692,3.3654,52
"322",486,"Regigigas","regigigas",4.0385,2.6154,3.8654,4.5577,3.7885,1.6538,3.9808,2.6346,3.7115,52
"323",487,"Origin Giratina","giratina-origin",4.4615,2.9423,2.8269,4.7115,1.25,1.6923,4.7115,3.3846,4.4423,52
"324",487,"Altered Giratina","giratina-altered",4.5962,2.8462,2.8269,4.7692,1.2692,1.6538,4.7115,2.9231,4.4615,52
"325",488,"Cresselia","cresselia",3.2692,2.1154,3.2885,4.7308,1.5192,3.4423,3.4808,4.2692,3.7115,52
"326",491,"Darkrai","darkrai",3.4314,2.3922,3.3137,4.6667,3.6863,1.6667,4.5686,3.2941,4.098,51
"327",492,"Sky Shaymin","shaymin-sky",2.5769,1.8654,1.6923,4.1346,1.3846,4,3.7692,3.8462,3.6346,52
"328",493,"Arceus","arceus-normal",4.2745,3.2941,3.1373,4.6667,1.5882,2.0392,4.2353,3.4902,3.9412,51
"329",494,"Victini","victini",2.2157,1.5098,2.0588,4.3333,3.0784,4.1373,3.3922,3.4902,3.5882,51
"330",495,"Snivy","snivy",2.0769,1.6154,1.75,3.0962,2.7885,3.9038,3.4038,3.4423,3.5962,52
"331",496,"Servine","servine",3.0385,2.2115,1.4615,3.2115,2.4808,3.1923,3.4808,3.5192,3.3846,52
"332",497,"Serperior","serperior",3.5577,2.8654,1.5192,3.7308,1.3462,2.9038,4.2308,4.0577,4.25,52
"333",500,"Emboar","emboar",3.9231,2,1.9615,4.0192,4.1346,1.6731,3.5962,2,3.2692,52
"334",502,"Dewott","dewott",3.0385,2.2115,1.6538,3.4038,3.3269,3.7115,4.0385,3.1923,3.9615,52
"335",503,"Hisuian Samurott","samurott-hisui",3.8235,2.8235,2.1569,3.8824,1.8039,2.2549,4.4314,3.451,4.0588,51
"336",503,"standard Samurott","samurott",3.7308,2.8846,1.8462,3.75,1.6923,2.3077,4.0962,3.1154,3.8077,52
"337",508,"Stoutland","stoutland",2.5882,3.451,1.098,1.5098,1.1569,3.2941,3.5294,3.1569,3.6667,51
"338",510,"Liepard","liepard",2.4808,3.0385,1.3462,2.1346,1.3269,3.25,3.4423,3.8462,3.3654,52
"339",522,"Blitzle","blitzle",1.8627,2.0784,1.5686,2.6275,1.1373,4.2157,3.5882,3.5882,3.8431,51
"340",523,"Zebstrika","zebstrika",2.9423,3.4423,1.6923,2.6154,1.1731,2.4423,4.0385,3.3269,3.75,52
"341",525,"Boldore","boldore",2.9804,3.1569,3.1373,3.6471,1.3137,2.1176,3.5294,2.6863,3.5294,51
"342",526,"Gigalith","gigalith",3.8462,2.8654,3.75,4.0385,1.2308,1.5385,4.3077,2.6154,3.9423,52
"343",530,"Excadrill","excadrill",3.3529,2.2353,2.549,3.5098,2.2745,2.2549,4.1961,2.8039,3.9216,51
"344",542,"Leavanny","leavanny",3.3846,2.3846,1.4615,3.2308,4.1346,3.9231,3.4423,3.9808,3.7692,52
"345",543,"Venipede","venipede",2.7843,2.7843,1.3725,2.2353,1.3137,3.1176,3.6471,2.8235,3.8235,51
"346",544,"Whirlipede","whirlipede",3.1154,2.5769,1.75,3,1.1154,2.1154,3.8077,2.6154,3.6923,52
"347",545,"Scolipede","scolipede",3.6667,2.8627,1.549,3.2549,1.2157,2.1961,4.1961,3.0196,4,51
"348",551,"Sandile","sandile",1.9808,2.5385,1.3077,1.9038,1.1923,4.25,3.8654,3.0769,4.0385,52
"349",552,"Krokorok","krokorok",2.5962,2.1923,1.5769,2.4423,3.1923,2.5577,3.9038,2.8654,3.6154,52
"350",553,"Krookodile","krookodile",2.9231,2.1923,1.5192,2.75,3.1731,2.0962,4.5962,2.9423,4.1346,52
"351",555,"Galarian Darmanitan Zen Mode","darmanitan-galar-zen",2.8654,1.3462,3.4808,4.3462,2.7308,2.4615,3.4231,2.3654,3.3077,52
"352",555,"standard Darmanitan Standard Mode","darmanitan-standard",2.6346,1.6731,1.8269,3.5577,2.6154,2.0385,3.6346,2.0385,3.4808,52
"353",558,"Crustle","crustle",2.8077,2.8462,1.9231,2.6154,1.1731,2.7885,3.4423,2.4038,3.8077,52
"354",559,"Scraggy","scraggy",2.1538,1.3846,1.9615,2.8077,3.8846,3.7308,3.3077,2.5192,3.5,52
"355",560,"Scrafty","scrafty",2.9615,1.7115,2,3,4.2308,2.4423,3.7692,2.2692,3.7692,52
"356",561,"Sigilyph","sigilyph",4.3077,2.3077,4.1154,4.5769,1.2308,2.0385,3.5385,3.0577,3.7308,52
"357",562,"Galarian Yamask","yamask-galar",2.1569,1.6863,3.6863,4.3922,2.0392,3.7451,3.549,2.902,3.8039,51
"358",562,"standard Yamask","yamask",2.0192,1.6346,3.7115,4.2308,2.5577,3.8462,3.3846,3.1346,3.9231,52
"359",563,"Cofagrigus","cofagrigus",3.3654,2.1923,4.3077,4.5769,2.2885,1.6923,4.0385,2.75,3.8654,52
"360",564,"Tirtouga","tirtouga",2.4423,3.1538,1.5769,2.1154,1.2885,3.1923,3.3462,2.9615,3.4808,52
"361",565,"Carracosta","carracosta",3.5769,3.2308,1.7885,2.6731,2.5,2.0192,3.8269,2.6923,3.5385,52
"362",566,"Archen","archen",2.6346,2.25,1.5385,2.6731,1.2692,4.1154,3.6346,2.9615,4.0577,52
"363",567,"Archeops","archeops",3.75,2.9231,1.5,3,1.1923,2.6346,3.9615,3.0769,4,52
"364",570,"Hisuian Zorua","zorua-hisui",2.6275,2.1961,1.8627,3.9412,1.1765,4.7059,4.0784,4.3529,4.4118,51
"365",570,"standard Zorua","zorua",2.3846,1.9808,1.3269,3.3269,1.1538,4.5962,4.25,4.0769,4.3269,52
"366",571,"Hisuian Zoroark","zoroark-hisui",4.4038,2.75,2,4.7115,3.8462,2.4038,4.5385,3.9038,4.3654,52
"367",571,"standard Zoroark","zoroark",3.3846,2.5385,1.6731,4.1923,3.8846,2.8846,4.5577,3.7115,4.1346,52
"368",579,"Reuniclus","reuniclus",2.9423,1.7308,2.1731,4.0192,2.8269,4.3462,3.8462,3.3269,4.2308,52
"369",586,"Autumn Sawsbuck","sawsbuck-autumn",2.8077,3.6923,1.2692,2.9615,1.1538,3.0192,3.5577,4,3.8269,52
"370",586,"Spring Sawsbuck","sawsbuck-spring",2.2692,4.0192,1.3077,2.4808,1.1923,3.0962,3.4038,3.8846,3.5385,52
"371",586,"Summer Sawsbuck","sawsbuck-summer",2.3654,3.7885,1.1923,2.5,1.1154,3.1731,3.5962,3.9615,3.75,52
"372",586,"Winter Sawsbuck","sawsbuck-winter",2.5769,3.75,1.2308,2.3269,1.1154,3.2115,3.6731,3.9231,3.7885,52
"373",589,"Escavalier","escavalier",3.8462,2.2308,3.4038,3.9423,2.2692,1.7308,3.9423,2.6538,3.5,52
"374",595,"Joltik","joltik",1.7692,2.0192,1.3846,2.5,1.1731,4.5,3.5962,3.4038,4.1923,52
"375",596,"Galvantula","galvantula",3.4231,2.9808,1.3846,2.8269,1.1346,3.1538,3.9423,3.0577,4.0385,52
"376",598,"Ferrothorn","ferrothorn",3.5769,2.3077,3.5,3.8846,1.0769,1.3654,3.5577,2.2115,3.4615,52
"377",604,"Eelektross","eelektross",3.5962,2.4038,1.8846,3.5385,1.7885,1.9038,3.9615,2.1731,3.9231,52
"378",607,"Litwick","litwick",1.3725,1.6667,4.0588,3.9412,1.6471,4.4706,3.3529,3.8039,4.0784,51
"379",608,"Lampent","lampent",2.0196,2.1373,4.6667,3.9216,1.6667,3.8039,3.549,3.8235,4.098,51
"380",609,"Chandelure","chandelure",3.3077,2.3654,4.5577,4.4038,1.1346,3.0192,4.25,3.9231,4.3462,52
"381",610,"Axew","axew",2.2692,2.1731,1.7308,3.6731,1.9808,4.3654,3.6346,3.3846,4.0769,52
"382",611,"Fraxure","fraxure",3.1961,2.8627,2.0392,3.8627,2.451,2.7451,3.8627,2.8235,3.6471,51
"383",612,"Haxorus","haxorus",3.9216,3.2353,2.3725,4.2549,2.2745,1.8824,4.6078,3.0392,4.1373,51
"384",617,"Accelgor","accelgor",3.0784,2,2.3137,3.9608,2.7647,1.7451,4.0392,2.3922,3.6471,51
"385",619,"Mienfoo","mienfoo",2.2157,1.9412,1.7255,2.9608,3.7647,3.6471,3.4902,3.1765,3.4902,51
"386",620,"Mienshao","mienshao",2.9038,2.5962,1.8654,3.2115,3.6154,3.3846,3.8654,4.0769,3.9615,52
"387",621,"Druddigon","druddigon",3.5385,2.25,2.1923,4.2692,2.1346,1.6731,3.7115,2.1346,3.4423,52
"388",622,"Golett","golett",3.5385,2.5962,4.5385,4.4615,4.0385,3.7692,3.6731,3.0577,3.9423,52
"389",623,"Golurk","golurk",4.0192,3.2115,4.6923,4.5,4.1731,2.0577,4.3269,3.1346,4.2308,52
"390",624,"Pawniard","pawniard",2.9615,2.0962,3.9808,3.9615,4.2885,3.5385,4.1346,2.9615,3.8846,52
"391",625,"Bisharp","bisharp",4.1154,2.75,4.1538,4.1346,4.6923,1.5769,4.3269,2.9615,3.8462,52
"392",626,"Bouffalant","bouffalant",2.4314,3.2745,1.5098,1.8039,1.3333,2.0196,3.4118,2.5294,3.1765,51
"393",628,"Hisuian Braviary","braviary-hisui",3.4615,3.5385,1.5962,3.7692,1.1731,2.2692,4.4423,3.8462,4.0385,52
"394",628,"standard Braviary","braviary",3.1373,3.8627,1.2157,2.0196,1.1373,2.3529,4.2941,3.5098,4.0784,51
"395",630,"Mandibuzz","mandibuzz",3.25,2.5962,1.6923,2.25,1.6731,2.1538,3.3462,2.5577,3.3077,52
"396",632,"Durant","durant",3.1346,3.5385,3,2.4808,1.1923,2,3.5385,2.5769,3.5,52
"397",633,"Deino","deino",2,2,1.5769,3.5,1.2692,3.9808,3.5385,2.8077,4.0192,52
"398",634,"Zweilous","zweilous",3.0392,2.3137,1.7059,4.3922,1.2353,3.0588,3.7255,2.3922,3.7647,51
"399",635,"Hydreigon","hydreigon",4.0392,2.4706,2.098,4.6275,1.4902,1.7451,4.4118,2.5686,3.902,51
"400",636,"Larvesta","larvesta",2.8824,2.8824,1.7451,3.4314,1.1765,3.4706,3.5098,3.098,3.8824,51
"401",637,"Volcarona","volcarona",3.8235,3.5294,1.2745,3.7451,1.1569,2.9216,4.5294,4.0784,4.4902,51
"402",638,"Cobalion","cobalion",3.4615,2.4423,2.1923,3.8462,1.8462,1.9615,3.6923,2.9615,3.3269,52
"403",639,"Terrakion","terrakion",3.5577,2.2308,2.4038,3.8462,1.8846,1.5192,3.5962,2.1731,3.1346,52
"404",640,"Virizion","virizion",3,2.4902,1.8824,4.1176,1.9216,3.0392,3.6078,3.8824,3.4314,51
"405",642,"Therian Thundurus","thundurus-therian",4.3725,2.2549,2.451,4.7059,3.6667,1.3333,3.5098,1.9608,3,51
"406",643,"Reshiram","reshiram",4.5,3.0962,3.0769,4.7885,1.9615,2.4423,4.5,4.0769,3.9615,52
"407",644,"Zekrom","zekrom",4.6275,3.1765,3.5294,4.7451,2.9412,1.8627,4.7255,3.5294,4.3137,51
"408",645,"Therian Landorus","landorus-therian",4.2885,2.4038,2.3462,4.6346,2.1731,1.3846,3.5385,2.0769,3.0962,52
"409",646,"Black Kyurem","kyurem-black",4.8462,2.9231,3.9038,4.6923,2.1346,1.4231,4.4038,2.7115,3.5769,52
"410",646,"White Kyurem","kyurem-white",4.8431,3.3529,3.5294,4.7255,2.098,1.8235,4.2941,3.3333,3.7059,51
"411",646,"standard Kyurem","kyurem",4.6154,3.3462,3.5,4.6154,1.3269,1.4038,4.3269,2.5,3.9615,52
"412",647,"Resolute Keldeo","keldeo-resolute",3.5098,1.8627,2.0588,4.2745,1.4118,3.8235,3.7451,3.6667,3.6667,51
"413",649,"Genesect","genesect",4.3137,2.902,4.7451,4.4706,3.3922,1.9804,4.3529,2.9804,3.8627,51
"414",652,"Chesnaught","chesnaught",3.8077,2.3462,2.2115,3.7885,4.0577,2.4038,3.7308,2.5,3.3846,52
"415",653,"Fennekin","fennekin",2.1538,2.1154,1.5192,2.5962,1.4231,4.5,3.3654,3.9808,3.8654,52
"416",654,"Braixen","braixen",3.3529,2.1373,1.7059,3.9804,4.3725,3.6471,3.3137,3.8039,3.5686,51
"417",656,"Froakie","froakie",2.0385,1.6346,1.4231,2.4038,1.9231,4.0577,3.4231,3.0962,3.8269,52
"418",657,"Frogadier","frogadier",2.9231,2.2885,1.6731,3.1346,3.1346,2.8269,3.7885,3.0577,3.8077,52
"419",658,"Ash Greninja","greninja-ash",4.1731,2.0192,2.4615,4.2692,4.5,1.9038,3.9231,2.75,2.9808,52
"420",658,"standard Greninja","greninja",3.7647,2.4314,1.8431,3.7647,3.9608,1.9412,4.1961,3.2353,3.7647,51
"421",662,"Fletchinder","fletchinder",2.5192,3.9038,1.4038,2.0192,1.1538,3.3077,3.9038,3.6346,3.9808,52
"422",663,"Talonflame","talonflame",3.2745,3.7059,1.3333,2.6078,1.1176,2.4902,4.2157,3.451,3.8039,51
"423",668,"Male Pyroar","pyroar",2.5098,3.0588,1.3333,2.3529,1.1765,2.4902,3.5882,3.2941,3.3333,51
"424",673,"Gogoat","gogoat",2.6731,3.7115,1.3462,2.5577,1.1346,2.9038,3.8462,3.2692,3.9231,52
"425",674,"Pancham","pancham",1.9231,1.9038,1.3846,1.9615,3.2885,4.2308,3.7885,3.25,3.9038,52
"426",675,"Pangoro","pangoro",2.9231,2.4808,1.3462,2.5577,3.9808,2.0385,4.2885,2.9615,3.8846,52
"427",678,"Female Meowstic","meowstic-female",2.8039,1.9216,1.7451,3.5294,3.549,3.8235,3.5882,3.902,3.7255,51
"428",678,"Male Meowstic","meowstic-male",2.4038,1.8077,1.75,3.5385,3.4808,4.2115,3.5577,4.1154,3.75,52
"429",679,"Honedge","honedge",3.0392,2.7843,4.8235,4.3137,1.2941,2.3529,4.1765,3.1569,3.902,51
"430",680,"Doublade","doublade",3.75,2.8269,4.7308,4.3654,1.2115,1.7885,4.1346,2.9231,3.8654,52
"431",681,"Aegislash","aegislash-shield",3.9216,2.8431,4.8431,4.5098,1.8235,1.6275,4.549,3.4902,4.2157,51
"432",687,"Malamar","malamar",3.8824,2.2157,2,4.1961,2.9608,1.549,3.9608,2.3725,3.7451,51
"433",691,"Dragalge","dragalge",4.0577,3.5,1.5769,3.1923,1.2115,1.8654,4.0385,2.9423,3.9423,52
"434",692,"Clauncher","clauncher",2.2157,2.8235,1.4706,1.8235,1.098,3.1176,3.6078,2.8431,3.8627,51
"435",693,"Clawitzer","clawitzer",3.8824,3,1.6667,3.3529,1.2353,2.0784,4.3725,2.8235,3.8431,51
"436",695,"Heliolisk","heliolisk",2.7451,2.3922,1.5686,2.7255,2.451,3.3137,3.6667,3.0392,3.7451,51
"437",696,"Tyrunt","tyrunt",2.6154,2.5,1.4423,2.5962,1.25,3.75,3.9423,2.7308,3.9423,52
"438",697,"Tyrantrum","tyrantrum",4.1154,3.9423,1.4615,3,1.2885,1.5962,4.6154,2.7885,4.1154,52
"439",699,"Aurorus","aurorus",3.2115,2.9231,1.5385,3.7308,1.1538,3.6154,3.5192,4.5962,3.8846,52
"440",700,"Sylveon","sylveon",3.1569,1.7647,2,4.3137,1.4118,4.5294,3.3137,4.5294,4.1765,51
"441",701,"Hawlucha","hawlucha",3.3077,1.9038,1.9808,3.5385,4.0577,2.6923,4.0962,3.0192,3.8077,52
"442",706,"standard Goodra","goodra",2.4423,1.3462,1.8654,4.3462,2.8462,4.2115,3.5769,3.3077,4.1154,52
"443",708,"Phantump","phantump",1.8431,1.549,2.2941,4.451,2.4314,4.4706,3.6078,3.4706,4.1569,51
"444",709,"Trevenant","trevenant",3.7843,2.8039,1.8627,4.4118,2.7255,1.8039,4.2549,2.7255,4.2157,51
"445",713,"Hisuian Avalugg","avalugg-hisui",3.9412,3.098,3.0784,3.902,1.2549,1.6667,3.5098,2.1176,3.1176,51
"446",713,"standard Avalugg","avalugg",3.1154,3.0962,3,3.7308,1.1731,1.5769,3.3654,2.5962,3.3846,52
"447",714,"Noibat","noibat",3.0192,2.3077,1.6538,2.9808,1.6538,4.4808,3.8654,3.4808,4.25,52
"448",715,"Noivern","noivern",4.0385,2.9423,1.7308,4.2115,2.0385,2.5769,4.5385,3.2692,4.2692,52
"449",716,"Xerneas","xerneas-active",4.4808,3.1923,2.1731,4.7692,1.2692,3.1346,4.3269,4.5769,4.2115,52
"450",717,"Yveltal","yveltal",4.5577,2.7308,2.25,4.6538,1.2692,1.6538,4.7115,3.4808,4.25,52
"451",718,"10% Zygarde","zygarde-10",3.1765,2.7059,3.1569,3.6275,1.1765,2.7451,3.8824,3.1569,3.6667,51
"452",718,"Complete Zygarde","zygarde-complete",4.7885,2.1731,4.1731,4.6923,4.2885,1.4231,4.0577,2.7308,3.3846,52
"453",718,"50% Zygarde","zygarde-50",4.1154,2.3846,3.1731,4.5769,1.1731,2.0577,4.1538,3.1154,3.8654,52
"454",719,"Mega Diancie","diancie-mega",4.7059,2.2941,3.7843,4.7647,3.9412,3.9608,3.4902,4.4706,3.3725,51
"455",720,"Hoopa Unbound","hoopa-unbound",4.7451,2.4314,3.1765,4.7843,4.1961,1.4118,3.7843,1.9608,3.3922,51
"456",721,"Volcanion","volcanion",4.4423,2.4423,4.2692,4.5,1.3462,1.4231,3.4038,2.0962,2.8077,52
"457",722,"Rowlet","rowlet",1.4231,2.1731,1.3846,2.1731,1.4423,4.5962,3.5385,3.7885,4.3846,52
"458",723,"Dartrix","dartrix",2.8462,2.3846,1.7692,2.8269,2.5192,3.2692,3.3077,3.25,3.5577,52
"459",724,"Hisuian Decidueye","decidueye-hisui",4.0769,2.5962,1.6731,3.6923,3.9231,2.4615,4.2308,3.2308,3.9615,52
"460",724,"standard Decidueye","decidueye",3.8077,2.6923,1.9231,3.7885,3.6731,2.8462,4.6346,3.7115,4.3269,52
"461",725,"Litten","litten",1.9216,2.2941,1.2549,2.3922,1.1373,4.5294,4,3.8039,4.3529,51
"462",726,"Torracat","torracat",2.6667,2.6667,1.5294,2.8235,1.3333,3.7451,4.0196,3.2353,3.9216,51
"463",727,"Incineroar","incineroar",3.7115,1.8077,2,3.7308,4.6346,2,3.6731,2.5,3.1923,52
"464",733,"Toucannon","toucannon",2.4706,3.4118,1.4314,1.8235,1.3137,2.1765,3.6078,2.9804,3.5294,51
"465",738,"Vikavolt","vikavolt",3.7692,2.9808,3.0769,3.3654,1.2115,1.7115,4.6154,2.8654,4.25,52
"466",739,"Crabrawler","crabrawler",2.8431,1.6863,1.7059,2.4118,1.9608,2.3529,3.3529,2.2157,3.5098,51
"467",741,"Sensu Style Oricorio","oricorio-sensu",2.9808,2.3846,1.7885,3.3846,2.6346,3.4615,3.5385,4.3654,3.9423,52
"468",741,"Baile Style Oricorio","oricorio-baile",3.0962,2.4038,1.6538,2.8462,2.6731,3.2885,3.5192,4.0962,3.6538,52
"469",744,"Rockruff","rockruff",2.1176,2.2745,1.4706,1.6863,1.2549,4.5294,3.7647,3.6275,4.1961,51
"470",745,"Dusk Lycanroc","lycanroc-dusk",3.3654,3.3077,1.7308,2.6346,1.2115,3.3462,4.5577,3.7692,4.0769,52
"471",745,"Midnight Lycanroc","lycanroc-midnight",3.2745,2.0392,1.6471,3.7843,3.7647,2.3333,4.451,3.0588,3.902,51
"472",745,"Midday Lycanroc","lycanroc-midday",2.7885,3.4615,1.4231,1.8846,1.1923,3.2885,4.2115,3.7308,4.1346,52
"473",746,"Wishiwashi School","wishiwashi-school",4.0385,2.5577,1.6731,3.5192,1.1538,1.8846,4.2115,3.0769,3.8654,52
"474",748,"Toxapex","toxapex",3.5769,2.1346,1.7885,3.0385,1.4423,2.25,3.4808,2.1923,3.3269,52
"475",750,"Mudsdale","mudsdale",3.1538,3.5769,1.5385,1.8654,1.1923,2.4808,3.9231,2.9231,3.8269,52
"476",752,"Araquanid","araquanid",3.8846,2.7308,2.0769,3.6923,1.0962,1.6346,4.2115,2.5,3.8077,52
"477",754,"Lurantis","lurantis",3.7885,2.3269,1.8077,3.4423,3.8462,3.9423,3.7692,4.2885,4.0769,52
"478",757,"Salandit","salandit",2.3654,2.3846,1.4038,2.7692,1.25,3.6923,3.8462,3.0577,4.1154,52
"479",758,"Salazzle","salazzle",3.2885,2.5385,1.6923,3.3654,3.8654,2.6923,4,3.8269,3.8077,52
"480",763,"Tsareena","tsareena",3.549,1.9804,1.8627,3.7843,4.7647,2.9608,3.5686,4.2157,3.549,51
"481",768,"Golisopod","golisopod",4.3922,3.3333,1.9608,3.6863,3.4706,1.7843,4.4706,2.5098,4.1961,51
"482",770,"Palossand","palossand",2.6923,1.9231,4.1731,3.8462,1.2885,2.5385,3.4038,2.8269,3.5962,52
"483",772,"Type:Null","type-null",4.5577,3.1346,4.1731,4.5577,1.1731,1.8462,4.2115,2.4423,3.9038,52
"484",773,"Silvally","silvally-normal",4.5385,2.7115,4.3077,4.5577,1.2115,2.3462,4.25,2.7692,3.8077,52
"485",776,"Turtonator","turtonator",4.1961,2.1569,2.5294,4.0588,2.4118,1.8039,3.4706,2.098,3.3333,51
"486",778,"Mimikyu","mimikyu-disguised",2.2157,1.8235,3.8824,4.2549,1.2549,4.3529,4.3137,3.0392,4.549,51
"487",781,"Dhelmise","dhelmise",3.9808,3.1538,4.1346,4.1154,1.1346,1.75,3.8654,2.4423,3.8077,52
"488",782,"Jangmo-o","jangmo-o",2.6731,2,1.9423,3.4808,1.2885,3.9423,3.4808,3.0577,3.6346,52
"489",783,"Hakamo-o","hakamo-o",3.7059,2.5098,2.451,3.902,2.7059,2.2353,3.5686,2.6078,3.3529,51
"490",784,"Kommo-o","kommo-o",4.4902,2.7843,2.1765,4.3333,2.5098,1.6863,4.0588,2.7451,3.6275,51
"491",785,"Tapu Koko","tapu-koko",4.451,2.3922,3.2353,4.6275,3.3137,2.2549,4.2941,3.1961,3.8235,51
"492",786,"Tapu Lele","tapu-lele",4.0769,1.9615,3.2885,4.5769,4.0577,4.1346,3.3077,4.1923,3.7115,52
"493",787,"Tapu Bulu","tapu-bulu",4.2115,2.4038,3.5577,4.7692,2.1346,1.7115,3.7308,2.6538,3.4808,52
"494",788,"Tapu Fini","tapu-fini",4.2549,2.4118,2.9216,4.4902,4.1373,3.5098,3.8039,4.2941,3.6078,51
"495",789,"Cosmog","cosmog",2.3529,1.451,3.6863,4.7059,1.1765,4.5294,3.3333,4.0392,3.9412,51
"496",791,"Solgaleo","solgaleo",4.4038,2.8846,3.0385,4.5,1.25,2.3269,4.5,3.6731,4.1923,52
"497",792,"Lunala","lunala",4.3725,2.6863,3.1765,4.7647,1.6863,3.0784,4.3725,4.4118,4.3529,51
"498",793,"Nihilego","nihilego",2.9608,2.4706,2.9412,4.2353,2.5294,3.1176,3.5882,3.8039,3.7843,51
"499",794,"Buzzwole","buzzwole",4.5962,2.3462,2.6346,4.5385,4.4423,1.6923,4.0577,2.1538,3.6154,52
"500",795,"Pheromosa","pheromosa",3.9231,2.5385,2.5962,4.1538,4.8846,2.8462,3.7885,4.0962,3.5962,52
"501",796,"Xurkitree","xurkitree",4.0962,2.5577,4.6538,4.6731,3.4423,2.1346,4.0962,2.7885,3.9615,52
"502",797,"Celesteela","celesteela",4.6346,2.5192,4.7308,4.6923,3.0192,2.3654,3.6731,3.4231,3.5385,52
"503",798,"Kartana","kartana",4.0192,2.6538,4.5,4.2308,3.3846,1.9615,4.1154,3.25,3.9038,52
"504",799,"Guzzlord","guzzlord",4.6667,1.7059,3.5294,4.8039,1.8039,1.3333,4.1176,1.6471,3.5882,51
"505",800,"Dawn Wings Necrozma","necrozma-dawn",4.6923,2.5192,4.0192,4.7115,1.5769,1.75,4.3269,3.4808,3.6731,52
"506",800,"Dusk Mane Necrozma","necrozma-dusk",4.5882,2.6078,4.1569,4.6275,1.1765,1.7647,4.0784,2.9608,3.4706,51
"507",800,"Ultra Necrozma","necrozma-ultra",4.5882,2.7451,4.0588,4.6667,2.3137,1.6667,4.2941,3.6667,3.7647,51
"508",800,"standard Necrozma","necrozma",4.6078,2.6667,4.4706,4.6078,3.098,1.451,4.1765,2.8824,3.7059,51
"509",802,"Marshadow","marshadow",2.3137,1.6471,2.7647,4.5882,4.098,4.3333,4,3.6078,4,51
"510",803,"Poipole","poipole",3.1538,1.6923,3.9038,4.5385,3.2692,3.9808,3.75,3.2308,3.7692,52
"511",804,"Naganadel","naganadel",4.6471,2.2157,4,4.7255,1.4902,1.6078,4.0588,2.6471,3.6078,51
"512",805,"Stakataka","stakataka",3.9412,3.098,4.7059,4.5098,1.1176,1.8039,3.7647,2.6863,3.8235,51
"513",807,"Zeraora","zeraora",3.8846,2,1.8846,4.2308,4.4231,3.2885,4.25,3.5,3.6923,52
"514",809,"standard Melmetal","melmetal",3.5192,1.75,4.8269,4.4231,3.9615,2.5962,4.0385,2.6731,3.6923,52
"515",809,"Gigantamax Melmetal","melmetal-gmax",4.0192,1.7692,4.7692,4.4615,4,1.7692,3.7692,2.7115,3.4808,52
"516",812,"standard Rillaboom","rillaboom",3.1765,3.1373,1.3529,2.6078,3.6078,2.1373,3.6471,2.6471,3.3137,51
"517",812,"Gigantamax Rillaboom","rillaboom-gmax",4.6078,1.8824,2.7059,4.3922,3.6667,1.5686,3.4118,2.3333,2.8627,51
"518",813,"Scorbunny","scorbunny",2.1765,1.6667,1.7059,2.6667,3.3725,4.1373,3.4902,3.2353,3.6275,51
"519",814,"Raboot","raboot",2.9038,1.8077,2.2692,3.25,4.1731,3.6731,3.75,3.2885,3.5,52
"520",815,"standard Cinderace","cinderace",3.5962,1.7692,2.2115,3.2692,4.7692,2.7692,3.3269,2.8462,2.8462,52
"521",815,"Gigantamax Cinderace","cinderace-gmax",3.7115,1.6923,2.9231,4.4808,4.6346,2.5192,3.5192,2.9423,3.0577,52
"522",818,"standard Inteleon","inteleon",3.4615,1.9231,2.1923,3.6154,4.7308,1.7308,3.6154,2.4808,2.9038,52
"523",818,"Gigantamax Inteleon","inteleon-gmax",4.0588,1.549,2.6863,4.451,4.1373,1.8627,3.3529,2.6078,3,51
"524",822,"Corvisquire","corvisquire",2.7115,3.3654,1.5385,1.8462,1.2885,2.9808,3.9231,3.4038,3.8077,52
"525",823,"standard Corviknight","corviknight",3.6731,3.4423,2.9038,3.3269,1.2115,2.1538,4.5962,3.5385,4.2308,52
"526",823,"Gigantamax Corviknight","corviknight-gmax",4.098,2.9804,3.098,3.7647,1.2549,1.6667,4.1765,3.1373,3.6275,51
"527",826,"Gigantamax Orbeetle","orbeetle-gmax",4.7115,1.7308,4.1923,4.6923,1.8654,1.5,3.9808,2.5385,3.6154,52
"528",826,"standard Orbeetle","orbeetle",3.9608,2.0392,3.0588,3.9804,3.0784,1.7647,3.7843,2.3137,3.5686,51
"529",828,"Thievul","thievul",2.8039,2.6471,1.451,2.2157,1.8431,2.3333,3.4118,2.8627,3.2353,51
"530",834,"Gigantamax Drednaw","drednaw-gmax",4.3077,2.3846,2.4808,3.8269,2.0192,1.4231,3.3269,2.0769,2.6731,52
"531",834,"standard Drednaw","drednaw",3.5577,2.8077,2.0962,2.6346,1.1731,2,3.75,2.2692,3.7308,52
"532",836,"Boltund","boltund",2.0962,2.6923,1.4615,2.2308,1.1346,3.5769,3.3654,2.9808,3.1923,52
"533",839,"Gigantamax Coalossal","coalossal-gmax",4.4423,2.6346,4.2115,4.3654,2.5192,1.5192,3.6154,2.1346,3.1731,52
"534",841,"standard Flapple","flapple",3.0577,1.5962,1.8654,4,1.4423,3.5577,3.5385,2.6538,3.6731,52
"535",842,"Appletun","appletun",2.9231,1.5769,2.5192,4.4423,1.1154,4.2692,3.4423,3.0577,4.2115,52
"536",844,"Gigantamax Sandaconda","sandaconda-gmax",4.2549,1.7647,2.4902,4.1373,1.2745,1.7059,3.451,2.3529,3.2353,51
"537",844,"standard Sandaconda","sandaconda",3.0577,2.0962,1.7115,2.6731,1.2692,2.3846,3.3654,2.4423,3.3077,52
"538",847,"Barraskewda","barraskewda",3.1923,2.6154,1.7115,2.2308,1.1731,1.9423,3.4615,2.25,3.3269,52
"539",849,"Amped Toxtricity","toxtricity-amped",3.9615,1.9038,2.5192,4.0385,4.3269,2.25,4.2115,2.8654,3.9231,52
"540",849,"Gigantamax Toxtricity","toxtricity-amped-gmax",4.5769,1.6923,3.4038,4.4615,2.4231,1.9808,4.2308,2.8269,3.7115,52
"541",849,"Low Key Toxtricity","toxtricity-low-key",3.902,2.0392,2.4706,4.2353,4.4706,2.2549,4.2549,2.6471,4.0392,51
"542",850,"Sizzlipede","sizzlipede",2,1.8462,1.6731,2.8077,1.1923,3.5577,3.5769,2.8462,3.8462,52
"543",851,"Gigantamax Centiskorch","centiskorch-gmax",3.8235,2.6863,2.2353,4.1961,1.1961,1.8627,4.4706,3.4118,4.0196,51
"544",851,"standard Centiskorch","centiskorch",3.5192,2.6346,1.8269,3.75,1.25,2.0385,4.1346,2.7692,3.9038,52
"545",853,"Grapploct","grapploct",2.9412,2.1373,1.6078,3.1569,3.1373,2.0392,4,2.7451,3.4902,51
"546",858,"Gigantamax Hatterene","hatterene-gmax",3.8269,1.8846,2.8269,4.6154,4.2308,3.0192,3.6154,3.9615,3.3077,52
"547",858,"standard Hatterene","hatterene",3.4314,1.9216,2.549,4.7843,4.2157,3.9216,3.4902,4.3137,3.9608,51
"548",860,"Morgrem","morgrem",3.1176,1.7059,2.0588,4.4314,4.5882,2.2941,3.549,2.2157,3.2941,51
"549",861,"Gigantamax Grimmsnarl","grimmsnarl-gmax",4.3077,2.5,2.6538,4.5769,4.7115,1.4038,4.3077,2.3269,3.5577,52
"550",861,"standard Grimmsnarl","grimmsnarl",3.9038,1.8846,2.1923,4.7308,4.5962,1.4231,4.0192,1.9231,3.5385,52
"551",862,"Obstagoon","obstagoon",3.8462,2.1731,1.9423,3.5769,4.2308,2.0385,4.1154,2.4615,3.5577,52
"552",863,"Perrserker","perrserker",3.3654,1.8654,2.5769,3.6538,3.5769,2.3077,3.4615,2.0769,3.3269,52
"553",864,"Cursola","cursola",3.549,2.4118,2.4314,4.098,1.2549,3.2157,3.9608,3.1765,4.2941,51
"554",865,"Sirfetchâ€™d","sirfetchd",2.8846,2,1.6346,3.75,3.1346,2.5962,4.0769,3.1923,3.8077,52
"555",867,"Runerigus","runerigus",4.1569,2.4706,4.1961,4.5882,2.1569,1.5294,4.3137,2.6667,4.0588,51
"556",870,"Falinks","falinks",3.1154,1.5385,3.6923,3.6731,2.2692,4.1154,3.7692,3.2692,4.0192,52
"557",873,"Frosmoth","frosmoth",2.9615,2.8846,1.5577,3.5385,1.2308,3.9615,3.8654,4.4808,4.1154,52
"558",879,"standard Copperajah","copperajah",3.8235,2.6667,2.8039,3.2353,1.3529,2.4118,3.5294,3,3.3137,51
"559",884,"Gigantamax Duraludon","duraludon-gmax",4.3654,2.4808,4.7692,4.2115,1.9423,1.5,3.4423,2.2308,2.7885,52
"560",884,"standard Duraludon","duraludon",3.902,2.4314,4.4902,4.1961,2.2941,1.6471,3.5098,2.3137,3.1961,51
"561",885,"Dreepy","dreepy",2.1373,1.7059,2.5294,4.1961,1.1961,4.3725,3.5098,3.1569,3.8824,51
"562",886,"Drakloak","drakloak",3.4615,1.9808,2.8846,4.4231,1.4038,3.3269,3.6731,3.0192,3.7308,52
"563",887,"Dragapult","dragapult",4.0192,2.0962,3.1731,4.5769,1.7885,2.9808,4.5769,3.3846,4.3462,52
"564",888,"Hero Zacian","zacian",3.9423,3.5385,1.7885,3.8077,1.25,2.7692,4.0769,3.5577,3.6538,52
"565",888,"Crowned Zacian","zacian-crowned",4.5577,2.7308,2.9808,4.5385,1.4038,2.8462,4.0577,3.75,3.5577,52
"566",889,"Hero Zamazenta","zamazenta",4.0962,3.2885,2.0962,3.6923,1.3077,2.7692,3.9808,3.0962,3.6923,52
"567",889,"Crowned Zamazenta","zamazenta-crowned",4.5686,2.9412,3.1176,4.1765,1.2353,2.3333,3.9608,3.0588,3.3725,51
"568",890,"Eternatus","eternatus",4.7647,2.6078,4.1961,4.8039,1.1961,1.3922,3.9608,2.3137,3.1765,51
"569",892,"Gigantamax Rapid Strike Urshifu","urshifu-rapid-strike-gmax",4.4038,2.6346,2.0962,4.2885,4.3654,1.6154,4.0962,3.0192,3.2885,52
"570",892,"Gigantamax Single Strike Urshifu","urshifu-single-strike-gmax",4.2157,2.7451,2.2745,3.8431,4.4118,1.6275,3.9216,2.7255,3.1765,51
"571",892,"standard Rapid Strike Urshifu","urshifu-rapid-strike",3.8654,2.8846,1.8077,3.75,4.5385,1.9231,3.7308,2.7692,3.1731,52
"572",892,"standard Single Strike Urshifu","urshifu-single-strike",3.9423,2.8077,2.0962,3.6346,4.4615,2.1154,4.0769,2.8654,3.6923,52
"573",893,"Zarude","zarude",3.8846,2.8654,1.6731,3.1538,3.4808,1.5385,3.3462,2.1346,3.0385,52
"574",894,"Regieleki","regieleki",3.6346,1.9231,4.7692,4.6346,2.0192,2.5577,4,3.1154,3.8077,52
"575",895,"Regidrago","regidrago",3.3654,2.2692,4.4423,4.5385,1.9615,1.9423,3.9615,2.75,3.5,52
"576",896,"Glastrier","glastrier",2.9423,3.5192,2.7115,3.8077,1.25,2.1731,3.5769,3.1538,3.2115,52
"577",897,"Spectrier","spectrier",2.3846,3.2692,1.7692,4.1731,1.2115,2.9808,3.8846,4.1731,3.7115,52
"578",898,"Ice Rider Calyrex","calyrex-ice",4.6471,2.7255,2.6667,4.3922,2.9412,2.0588,3.5882,2.902,2.9608,51
"579",898,"Shadow Rider Calyrex","calyrex-shadow",4.4808,2.4423,2,4.6538,2.9808,2.25,3.4231,3.0962,3.0385,52
"580",899,"Wyrdeer","wyrdeer",3.0769,2.9808,1.4423,3.0192,1.3462,2.25,3.6731,2.9423,3.8269,52
"581",900,"Kleavor","kleavor",4.2745,2.7843,3.1569,4.098,3.451,1.549,4,2.2745,3.5686,51
"582",901,"Ursaluna","ursaluna",3.8824,3.3137,1.6078,2.8627,1.4118,2.549,3.8039,2.3725,3.7843,51
"583",902,"Female Basculegion","basculegion-female",3.8846,2.5385,1.8654,3.8654,1.3462,2.0385,3.9038,2.5962,3.75,52
"584",902,"Male Basculegion","basculegion-male",4.0392,2.8824,1.8824,4.2549,1.2745,1.9412,4.451,3.0784,4.2157,51
"585",903,"Sneasler","sneasler",3.2885,1.9038,1.9038,3.4423,4.4038,2.3654,3.4038,2.6538,3.0192,52
"586",904,"Overqwil","overqwil",3.2745,1.8824,1.9216,3.3137,1.1961,1.7647,3.549,1.902,3.3529,51
"587",907,"Floragato","floragato",3.0962,2.2308,1.5769,3.5385,4.0192,3.9231,4.3269,3.9423,4.0192,52
"588",908,"Meowscarada","meowscarada",3.5882,2.1176,1.8039,4.0784,4.6275,3.4314,4.0196,3.8431,3.7059,51
"589",909,"Fuecoco","fuecoco",2.2353,1.4118,2,3.2941,2.0588,4.3529,3.5294,3.0392,4.0588,51
"590",911,"Skeledirge","skeledirge",4.3922,2.5882,2.4314,4.1176,1.3333,1.9804,3.8235,2.5294,3.4314,51
"591",914,"Quaquaval","quaquaval",4.3269,2,1.7885,3.9231,4.5769,2.5769,3.3462,3.1538,3.4038,52
"592",920,"Lokix","lokix",3.902,2.5098,3.6078,3.5686,3.8235,1.9608,4.2549,2.9216,3.7255,51
"593",934,"Garganacl","garganacl",3.9804,2.1176,3.6471,4.1961,3.8627,2.0392,3.9804,2.6471,3.8824,51
"594",935,"Charcadet","charcadet",3.4615,1.75,3.3846,4.3269,4.7308,3.8462,3.6346,3.1346,3.25,52
"595",936,"Armarouge","armarouge",4,2.3846,3.8269,4.3654,4.8077,2.4808,4.5577,3.6346,4.0192,52
"596",937,"Ceruledge","ceruledge",4.4808,2.7692,4.1923,4.6154,4.8846,2.2692,4.75,4,4.25,52
"597",941,"Kilowattrel","kilowattrel",2.2745,3.549,1.4118,2.2353,1.2157,2.2941,3.7451,3.0784,3.5098,51
"598",943,"Mabosstiff","mabosstiff",2.5882,3.1373,1.3725,1.6667,1.2549,3.3529,3.4118,2.6471,3.7451,51
"599",945,"Grafaiai","grafaiai",3.6346,2,1.8846,3.1731,2.7115,3.0385,3.9231,2.5192,3.8077,52
"600",949,"Toedscruel","toedscruel",3.1765,2.1961,1.451,3.549,1.2941,2.1569,3.8039,2.549,3.7647,51
"601",952,"Scovillain","scovillain",2.6731,1.6346,1.6923,3.9038,3.5385,1.7885,3.3077,1.8077,3.0769,52
"602",954,"Rabsca","rabsca",3.8077,2.1731,2.6538,4.2885,1.8077,2.1154,3.3462,2.3846,3.2308,52
"603",956,"Espathra","espathra",3.9412,2.2353,2.2549,3.5098,1.8627,2.7255,3.4314,3.5882,3.7059,51
"604",958,"Tinkatuff","tinkatuff",2.9804,1.549,3.0392,4.0588,4.4314,3.6667,3.549,2.9608,3.6667,51
"605",959,"Tinkaton","tinkaton",3.3654,1.4038,3.0192,4.2308,4.3269,4.1538,3.9808,3.3269,3.8846,52
"606",964,"Hero Palafin","palafin-hero",3.6471,1.2353,2.1765,4.1569,4.3333,1.9216,3.3529,2.0588,2.9412,51
"607",966,"Revavroom","revavroom",4.1346,2.3077,4.8462,4.0577,1.1346,1.7692,3.4038,2.0385,3.1923,52
"608",967,"Cyclizar","cyclizar",2.8077,2.1923,2.5192,3.4231,2.7308,3.0385,3.7692,2.7308,3.6154,52
"609",970,"Glimmora","glimmora",2.8654,2.6154,3.3846,4.2885,1.1154,2.9231,3.5385,3.5962,3.6538,52
"610",971,"Greavard","greavard",2.5,1.6923,2.3846,3.6346,1.0962,3.9231,3.3077,2.7115,3.6731,52
"611",972,"Houndstone","houndstone",3.3846,1.9615,2.4808,4.3077,1.1731,2.6346,3.6923,2.0962,3.7115,52
"612",975,"Cetitan","cetitan",3.6154,2.1538,1.8077,3.8269,1.9038,2.6154,3.8077,2.7885,3.6923,52
"613",976,"Veluza","veluza",3.2692,2.6923,2.9423,3.0192,1.1346,1.8654,3.8269,2.5192,3.4231,52
"614",979,"Annihilape","annihilape",3.6275,2.2549,2.1961,4.2157,3.2353,1.7255,4.4902,2.4118,4.0196,51
"615",980,"Clodsire","clodsire",1.5192,1.4615,1.4231,2.6154,1.1154,4.5769,3.5,3.4615,4.3846,52
"616",981,"Farigiraf","farigiraf",3.2745,2.2941,1.7451,3.7647,1.1961,3.6471,3.6667,3.4118,3.7647,51
"617",983,"Kingambit","kingambit",4.4231,2.5,3.75,4.1923,4.7692,1.5,4.0769,2.5192,3.5,52
"618",984,"Great Tusk","great-tusk",4.0769,3.25,1.5,3.8846,1.0769,1.6923,4.4808,2.7308,3.9615,52
"619",985,"Scream Tail","scream-tail",2.4808,1.5,1.8654,4.1346,2.0385,4.0769,3.3654,3.3269,3.5769,52
"620",986,"Brute Bonnet","brute-bonnet",3.7115,2.0769,1.9423,4.2692,1.9231,1.9038,3.7885,2.0192,3.6154,52
"621",987,"Flutter Mane","flutter-mane",3.6346,1.8462,2.75,4.7115,1.8654,3.6731,3.9231,3.7885,3.7115,52
"622",988,"Slither Wing","slither-wing",4.1765,3.098,1.3529,4.1373,1.3725,3.1765,4.549,3.902,4.3333,51
"623",989,"Sandy Shocks","sandy-shocks",4.1176,1.7059,4.549,4.3137,1.4314,2.2353,3.3922,2.1961,3.4902,51
"624",990,"Iron Treads","iron-treads",3.5882,2.6667,4.7843,4.1176,1.1176,2.0196,3.3529,2.3333,3.0392,51
"625",991,"Iron Bundle","iron-bundle",3.0385,1.8269,4.8077,4.0192,2.3269,3.5769,3.3269,3.0385,3.4423,52
"626",992,"Iron Hands","iron-hands",3.8269,2.4423,4.8846,4.0769,4.2308,1.6346,3.5769,2.4423,3.25,52
"627",993,"Iron Jugulis","iron-jugulis",4.0192,2.3846,4.7692,4.4615,1.1923,1.7115,3.3269,2.6154,2.7885,52
"628",994,"Iron Moth","iron-moth",4.0192,2.5962,4.7115,4.25,1.1346,2.2115,4.3654,3.7115,3.9423,52
"629",995,"Iron Thorns","iron-thorns",3.8654,2.6731,4.8269,4.4808,2.3269,1.8462,4.1923,2.9423,3.2115,52
"630",997,"Arctibax","arctibax",3.0385,2.3269,2.0577,3.7885,1.6538,2.8846,3.5962,2.4808,3.5,52
